accuracy,precision,recall,f1_score,roc_auc,Model,Oversampling,Training Time (s)
0.9995955228805542,0.9995435232978686,0.9996488270824554,0.9995961724168203,0.999996542930603,RandomForest,SMOTE,7.45
0.9996658563613892,0.9995435633656935,0.999789285149871,0.9996664091579465,0.9999960660934448,RandomForest,ADASYN,7.47
0.9997801780700684,0.999824398124572,0.9997366203118415,0.9997805072915478,0.9999434947967529,RandomForest,SVM-SMOTE,7.31
