accuracy,roc_auc,f1_score,precision,recall,Model,Oversampling,Oversampling time,Training Time (s)
0.9992977976799011,0.9750227928161621,0.7959183673469388,0.7959183673469388,0.7959183673469388,LogisticRegression,SMOTE,0.32,76.54
0.9994733333587646,0.9895631670951843,0.8469387755102041,0.8469387755102041,0.8469387755102041,RandomForest,SMOTE,0.32,5.98
0.9987886548042297,0.9379420876502991,0.7012987012987013,0.6090225563909775,0.826530612244898,kNN,SMOTE,0.32,4.49
0.9995435476303101,0.9864894151687622,0.8673469387755102,0.8673469387755102,0.8673469387755102,XGBoost,SMOTE,0.32,4.19
